<?xml version="1.0" encoding="UTF-8"?>

<mule xmlns:tracking="http://www.mulesoft.org/schema/mule/ee/tracking" xmlns:metadata="http://www.mulesoft.org/schema/mule/metadata" xmlns:dw="http://www.mulesoft.org/schema/mule/ee/dw" xmlns:http="http://www.mulesoft.org/schema/mule/http" xmlns:sfdc="http://www.mulesoft.org/schema/mule/sfdc" xmlns="http://www.mulesoft.org/schema/mule/core" xmlns:doc="http://www.mulesoft.org/schema/mule/documentation"
	xmlns:spring="http://www.springframework.org/schema/beans" 
	xmlns:xsi="http://www.w3.org/2001/XMLSchema-instance"
	xsi:schemaLocation="http://www.springframework.org/schema/beans http://www.springframework.org/schema/beans/spring-beans-current.xsd
http://www.mulesoft.org/schema/mule/core http://www.mulesoft.org/schema/mule/core/current/mule.xsd
http://www.mulesoft.org/schema/mule/http http://www.mulesoft.org/schema/mule/http/current/mule-http.xsd
http://www.mulesoft.org/schema/mule/sfdc http://www.mulesoft.org/schema/mule/sfdc/current/mule-sfdc.xsd
http://www.mulesoft.org/schema/mule/ee/dw http://www.mulesoft.org/schema/mule/ee/dw/current/dw.xsd
http://www.mulesoft.org/schema/mule/ee/tracking http://www.mulesoft.org/schema/mule/ee/tracking/current/mule-tracking-ee.xsd">
    <flow name="allcontactsGETFlow">
        <logger message="Enter GET (all contacts) flow" level="DEBUG" doc:name="Logger"/>
        <sfdc:query config-ref="ndbeal_SF_Authentication" query="dsql:SELECT AccountId,AssistantName,AssistantPhone,Birthdate,CleanStatus,CreatedById,CreatedDate,Department,Description,Email,EmailBouncedDate,EmailBouncedReason,Fax,FirstName,HomePhone,Id,IsDeleted,IsEmailBounced,Jigsaw,JigsawContactId,Languages__c,LastActivityDate,LastCURequestDate,LastCUUpdateDate,LastModifiedById,LastModifiedDate,LastName,LastReferencedDate,LastViewedDate,LeadSource,Level__c,MailingCity,MailingCountry,MailingGeocodeAccuracy,MailingLatitude,MailingLongitude,MailingPostalCode,MailingState,MailingStreet,MasterRecordId,MobilePhone,Name,OtherCity,OtherCountry,OtherGeocodeAccuracy,OtherLatitude,OtherLongitude,OtherPhone,OtherPostalCode,OtherState,OtherStreet,OwnerId,Phone,PhotoUrl,ReportsToId,Salutation,SystemModstamp,Title FROM Contact ORDER BY AccountId ASC" doc:name="Salesforce"/>
        <dw:transform-message doc:name="Format response">
            <dw:set-payload><![CDATA[%dw 1.0
%output application/json
---
{
    "success": true,
    "status": 200,
    "message": payload
}]]></dw:set-payload>
        </dw:transform-message>
        <logger message="Exit GET (all contacts) flow" level="DEBUG" doc:name="Logger"/>
    </flow>
</mule>
