<?xml version="1.0" encoding="UTF-8"?>
<mule xmlns:api-platform-gw="http://www.mulesoft.org/schema/mule/api-platform-gw" xmlns:doc="http://www.mulesoft.org/schema/mule/documentation" xmlns="http://www.mulesoft.org/schema/mule/core" xmlns:apikit="http://www.mulesoft.org/schema/mule/apikit" xmlns:http="http://www.mulesoft.org/schema/mule/http" xmlns:spring="http://www.springframework.org/schema/beans" xmlns:xsi="http://www.w3.org/2001/XMLSchema-instance" xsi:schemaLocation="http://www.mulesoft.org/schema/mule/core http://www.mulesoft.org/schema/mule/core/current/mule.xsd
http://www.mulesoft.org/schema/mule/http http://www.mulesoft.org/schema/mule/http/current/mule-http.xsd
http://www.mulesoft.org/schema/mule/apikit http://www.mulesoft.org/schema/mule/apikit/current/mule-apikit.xsd
http://www.springframework.org/schema/beans http://www.springframework.org/schema/beans/spring-beans-3.1.xsd
http://www.mulesoft.org/schema/mule/api-platform-gw http://www.mulesoft.org/schema/mule/api-platform-gw/current/mule-api-platform-gw.xsd">
    <apikit:config name="api-config" raml="api.raml" consoleEnabled="false" doc:name="Router" keepRamlBaseUri="false">
        <apikit:flow-mapping resource="/contact" action="get" flow-ref="contactGETFlow"/>
        <apikit:flow-mapping resource="/contact" action="post" content-type="application/json" flow-ref="contactPOSTFlow"/>
        <apikit:flow-mapping resource="/contact" action="put" content-type="application/json" flow-ref="contactPUTFlow"/>
        <apikit:flow-mapping resource="/contact" action="delete" flow-ref="contactDELETEFlow"/>
        <apikit:flow-mapping resource="/allcontacts" action="get" flow-ref="allcontactsGETFlow"/>
        <apikit:flow-mapping resource="/contact/{SFDC_Id}" action="get" flow-ref="contactGETFlow"/>
        <apikit:flow-mapping resource="/contact/{SFDC_Id}" action="delete" flow-ref="contactDELETEFlow"/>
        <apikit:flow-mapping resource="/contact/{SFDC_Id}" action="put" content-type="application/json" flow-ref="contactPUTFlow"/>
    </apikit:config>
    
    <api-platform-gw:api apiName="nbeal sfdc sample" version="1.1" flowRef="api-main" create="false" apikitRef="api-config" doc:name="API Autodiscovery"/>
    <flow name="api-main">
        <http:listener config-ref="api-httpListenerConfig" path="/api/*" doc:name="HTTP"/>
        <apikit:router config-ref="api-config" doc:name="APIkit Router"/>
        <exception-strategy ref="api-apiKitGlobalExceptionMapping" doc:name="Reference Exception Strategy"/>
    </flow>
    <flow name="api-console">
        <http:listener config-ref="api-httpListenerConfig" path="/console/*" doc:name="HTTP"/>
        <apikit:console config-ref="api-config" doc:name="APIkit Console"/>
    </flow>

    <apikit:mapping-exception-strategy name="api-apiKitGlobalExceptionMapping">
        <apikit:mapping statusCode="404">
            <apikit:exception value="org.mule.module.apikit.exception.NotFoundException" />
            <set-property propertyName="Content-Type" value="application/json" doc:name="Property"/>
            <set-payload value="{
&quot;success&quot;: false,
&quot;status&quot;: 404,
&quot;message&quot;: &quot;Resource not found&quot;
}" doc:name="Set Payload"/>
        </apikit:mapping>
        <apikit:mapping statusCode="405">
            <apikit:exception value="org.mule.module.apikit.exception.MethodNotAllowedException" />
            <set-property propertyName="Content-Type" value="application/json" doc:name="Property"/>
            <set-payload value="{
&quot;success&quot;: false,
&quot;status&quot;: 405,
&quot;message&quot;: &quot;Method not allowed&quot;
}" doc:name="Set Payload"/>
        </apikit:mapping>
        <apikit:mapping statusCode="415">
            <apikit:exception value="org.mule.module.apikit.exception.UnsupportedMediaTypeException" />
            <set-property propertyName="Content-Type" value="application/json" doc:name="Property"/>
            <set-payload value="{
&quot;success&quot;: false,
&quot;status&quot;: 415,
&quot;message&quot;: &quot;Unsupported media type&quot;
}" doc:name="Set Payload"/>
        </apikit:mapping>
        <apikit:mapping statusCode="406">
            <apikit:exception value="org.mule.module.apikit.exception.NotAcceptableException" />
            <set-property propertyName="Content-Type" value="application/json" doc:name="Property"/>
            <set-payload value="{
&quot;success&quot;: false,
&quot;status&quot;: 406,
&quot;message&quot;: &quot;Not acceptable&quot;
}" doc:name="Set Payload"/>
        </apikit:mapping>
        <apikit:mapping statusCode="400">
            <apikit:exception value="org.mule.module.apikit.exception.BadRequestException" />
            <set-property propertyName="Content-Type" value="application/json" doc:name="Property"/>
            <set-payload value="{
&quot;success&quot;: false,
&quot;status&quot;: 400,
&quot;message&quot;: &quot;Bad request&quot;
}" doc:name="Set Payload"/>
        </apikit:mapping>
        
        <apikit:mapping statusCode="500">
            <apikit:exception value="com.mulesoft.weave.mule.exception.WeaveExecutionException" />
            <set-property propertyName="Content-Type" value="application/json" doc:name="Property"/>
            <set-payload value="{
&quot;success&quot;: false,
&quot;status&quot;: 500,
&quot;message&quot;: &quot;Server error during mapping execution&quot;
}" doc:name="Set Payload"/>
        </apikit:mapping>
        
    </apikit:mapping-exception-strategy>
</mule>
