{
  "success": true,
  "status": 200,
  "message":
  [
    {
      "LastModifiedDate": "2017-11-27T22:08:43.000Z",
      "Languages__c": null,
      "AccountId": null,
      "Email": "molestie@aliquet.edu",
      "type": "Contact",
      "MobilePhone": null,
      "Name": "Alexa Suarez",
      "Department": "Media Relations",
      "OtherLongitude": null,
      "CreatedById": "0051I0000010r0NQAQ",
      "MailingLatitude": null,
      "OtherCity": null,
      "PhotoUrl": "/services/images/photo/0031I000007CrRIQA0",
      "MasterRecordId": null,
      "IsDeleted": "false",
      "OtherGeocodeAccuracy": null,
      "IsEmailBounced": "false",
      "LastViewedDate": null,
      "MailingCity": null,
      "Birthdate": null,
      "OtherStreet": null,
      "CleanStatus": "Pending",
      "OtherLatitude": null,
      "LeadSource": null,
      "CreatedDate": "2017-11-27T22:08:43.000Z",
      "Id": "0031I000007CrRIQA0",
      "LastName": "Suarez",
      "MailingStreet": null,
      "Jigsaw": null,
      "AssistantPhone": null,
      "EmailBouncedDate": null,
      "OtherPhone": null,
      "Description": null,
      "AssistantName": null,
      "MailingCountry": null,
      "LastReferencedDate": null,
      "OtherState": null,
      "Salutation": null,
      "MailingState": null,
      "Level__c": null,
      "OwnerId": "0051I0000010r0NQAQ",
      "MailingLongitude": null,
      "Phone": null,
      "MailingPostalCode": null,
      "OtherCountry": null,
      "LastCUUpdateDate": null,
      "MailingGeocodeAccuracy": null,
      "EmailBouncedReason": null,
      "FirstName": "Alexa",
      "OtherPostalCode": null,
      "Title": "Executive",
      "LastCURequestDate": null,
      "SystemModstamp": "2017-11-28T01:38:17.000Z",
      "HomePhone": null,
      "ReportsToId": null,
      "LastActivityDate": null,
      "Fax": null,
      "LastModifiedById": "0051I0000010r0NQAQ",
      "JigsawContactId": null  
    },
    {
      "LastModifiedDate": "2017-11-27T22:08:43.000Z",
      "Languages__c": null,
      "AccountId": null,
      "Email": "nec.urna@duinec.edu",
      "type": "Contact",
      "MobilePhone": null,
      "Name": "Madeline Sawyer",
      "Department": "Customer Service",
      "OtherLongitude": null,
      "CreatedById": "0051I0000010r0NQAQ",
      "MailingLatitude": null,
      "OtherCity": null,
      "PhotoUrl": "/services/images/photo/0031I000007CrRMQA0",
      "MasterRecordId": null,
      "IsDeleted": "false",
      "OtherGeocodeAccuracy": null,
      "IsEmailBounced": "false",
      "LastViewedDate": null,
      "MailingCity": null,
      "Birthdate": null,
      "OtherStreet": null,
      "CleanStatus": "Pending",
      "OtherLatitude": null,
      "LeadSource": null,
      "CreatedDate": "2017-11-27T22:08:43.000Z",
      "Id": "0031I000007CrRMQA0",
      "LastName": "Sawyer",
      "MailingStreet": null,
      "Jigsaw": null,
      "AssistantPhone": null,
      "EmailBouncedDate": null,
      "OtherPhone": null,
      "Description": null,
      "AssistantName": null,
      "MailingCountry": null,
      "LastReferencedDate": null,
      "OtherState": null,
      "Salutation": null,
      "MailingState": null,
      "Level__c": null,
      "OwnerId": "0051I0000010r0NQAQ",
      "MailingLongitude": null,
      "Phone": null,
      "MailingPostalCode": null,
      "OtherCountry": null,
      "LastCUUpdateDate": null,
      "MailingGeocodeAccuracy": null,
      "EmailBouncedReason": null,
      "FirstName": "Madeline",
      "OtherPostalCode": null,
      "Title": "Executive",
      "LastCURequestDate": null,
      "SystemModstamp": "2017-11-28T01:38:17.000Z",
      "HomePhone": null,
      "ReportsToId": null,
      "LastActivityDate": null,
      "Fax": null,
      "LastModifiedById": "0051I0000010r0NQAQ",
      "JigsawContactId": null
    }
  ]
}