{
  "success": true,
  "status": 200,
  "message": {
      "LastModifiedDate": "2017-11-17T15:28:46.000Z",
      "Languages__c": null,
      "AccountId": "0011I000009gXkUQAU",
      "Email": "jrogers@burlington.com",
      "type": "Contact",
      "MobilePhone": null,
      "Name": "Jack Rogers",
      "Department": null,
      "OtherLongitude": null,
      "CreatedById": "0051I0000010r0NQAQ",
      "MailingLatitude": null,
      "OtherCity": null,
      "PhotoUrl": "/services/images/photo/0031I000006TCBJQA4",
      "MasterRecordId": null,
      "IsDeleted": "false",
      "OtherGeocodeAccuracy": null,
      "IsEmailBounced": "false",
      "LastViewedDate": null,
      "MailingCity": "Burlington",
      "Birthdate": null,
      "OtherStreet": null,
      "CleanStatus": "Pending",
      "OtherLatitude": null,
      "LeadSource": "Web",
      "CreatedDate": "2017-11-17T15:28:46.000Z",
      "Id": "0031I000006TCBJQA4",
      "LastName": "Rogers",
      "MailingStreet": "525 S. Lexington Ave",
      "Jigsaw": null,
      "AssistantPhone": null,
      "EmailBouncedDate": null,
      "OtherPhone": null,
      "Description": null,
      "AssistantName": null,
      "MailingCountry": "USA",
      "LastReferencedDate": null,
      "OtherState": null,
      "Salutation": "Mr.",
      "MailingState": "NC",
      "Level__c": null,
      "OwnerId": "0051I0000010r0NQAQ",
      "MailingLongitude": null,
      "Phone": "(336) 222-7000",
      "MailingPostalCode": "27215",
      "OtherCountry": null,
      "LastCUUpdateDate": null,
      "MailingGeocodeAccuracy": null,
      "EmailBouncedReason": null,
      "FirstName": "Jack",
      "OtherPostalCode": null,
      "Title": "VP, Facilities",
      "LastCURequestDate": null,
      "SystemModstamp": "2017-11-17T15:28:46.000Z",
      "HomePhone": null,
      "ReportsToId": null,
      "LastActivityDate": null,
      "Fax": "(336) 222-8000",
      "LastModifiedById": "0051I0000010r0NQAQ",
      "JigsawContactId": null
  }
}