{
  "Id": "0031I000006TCBJQA4",
  "Email": "email@domain.tld",
  "FirstName": "firstname",
  "LastName": "lastname",
  "Department": "department name",
  "Salutation": "Doctor",
  "OtherStreet": "another street",
  "OtherCity": "another city",
  "OtherState": "another state",
  "OtherPostalCode": "another",
  "OtherCountry": "anothercountry",
  "MailingStreet": "mailing street",
  "MailingCity": "mailing city",
  "MailingState": "mailing state",
  "MailingPostalCode": "mailing",
  "MailingCountry": "mailingcountry",
  "Phone": "1 234 567 8910",
  "MobilePhone": "1 234 567 8910",
  "HomePhone": "1 234 567 8910",
  "OtherPhone": "1 234 567 8910",
  "AssistantPhone": "1 234 567 8910",
  "Fax": "1 234 567 8910 ext 4352",
  "Title": "title",
  "AssistantName": "an assistant",
  "Birthdate": "1970-01-30",	
  "Description": "A physical description"
}